{"cameraMode":{"drawMode":0,"name":"Shaded","section":"Shading Mode"},"sceneLighting":false,"audioPlay":false,"sceneViewState":{"showFog":true,"showMaterialUpdate":false,"showSkybox":false,"showFlares":true,"showImageEffects":true,"showParticleSystems":true},"in2DMode":false,"pivot":{"x":1.3747977018356324,"y":4.118249893188477,"z":-6.018034934997559},"rotation":{"x":-0.4388880729675293,"y":-0.4847821891307831,"z":0.3078661561012268,"w":-0.6910806894302368},"size":3.2946226596832277,"orthographic":false}