{"cameraMode":{"drawMode":0,"name":"Shaded","section":"Shading Mode"},"sceneLighting":false,"audioPlay":false,"sceneViewState":{"showFog":true,"showMaterialUpdate":false,"showSkybox":false,"showFlares":true,"showImageEffects":true,"showParticleSystems":true},"in2DMode":false,"pivot":{"x":1.9650079011917115,"y":4.068383693695068,"z":-0.3193093240261078},"rotation":{"x":0.4127127528190613,"y":-0.4720586836338043,"z":0.2661052644252777,"w":0.7321348190307617},"size":0.21868139505386353,"orthographic":false}