{"cameraMode":{"drawMode":0,"name":"Shaded","section":"Shading Mode"},"sceneLighting":false,"audioPlay":false,"sceneViewState":{"showFog":true,"showMaterialUpdate":false,"showSkybox":false,"showFlares":true,"showImageEffects":true,"showParticleSystems":true},"in2DMode":false,"pivot":{"x":3.3889641761779787,"y":33.05137634277344,"z":7.263890743255615},"rotation":{"x":0.5497689247131348,"y":0.41432052850723269,"z":-0.36247262358665469,"w":0.6283036470413208},"size":3.810077428817749,"orthographic":false}