{"cameraMode":{"drawMode":0,"name":"Shaded","section":"Shading Mode"},"sceneLighting":false,"audioPlay":false,"sceneViewState":{"showFog":true,"showMaterialUpdate":false,"showSkybox":false,"showFlares":true,"showImageEffects":true,"showParticleSystems":true},"in2DMode":false,"pivot":{"x":0.184939906001091,"y":2.1783175468444826,"z":0.6378387212753296},"rotation":{"x":-0.2933652698993683,"y":-0.6827012896537781,"z":0.35178878903388979,"w":-0.5693079233169556},"size":1.8932535648345948,"orthographic":false}